No.,Attraction,OWI,Risk Level,Insight,Sentiment,Display Phrase,Share %
1.0,Gyeongbokgung Palace,0.308,Low Risk,History/Culture,positive,Rich history & culture!,47.5
1.0,Gyeongbokgung Palace,0.308,Low Risk,Guided Tour,positive,Guided tours are worth it!,37.0
1.0,Gyeongbokgung Palace,0.308,Low Risk,Performance,neutral,Check performance times.,7.2
1.0,Gyeongbokgung Palace,0.308,Low Risk,Weather,negative,Weather can make or break the visit.,7.4
2.0,Myeongdong Shopping Street,0.407,Low Risk,Food,positive,Highly recommended for food!,54.3
2.0,Myeongdong Shopping Street,0.407,Low Risk,Shopping,positive,Great for shopping!,54.3
2.0,Myeongdong Shopping Street,0.407,Low Risk,Food,neutral,Plenty of food options around.,19.5
2.0,Myeongdong Shopping Street,0.407,Low Risk,Weather,negative,Weather can make or break the visit.,1.9
3.0,N Seoul Tower,0.242,Low Risk,Transport,positive,Easy to get to!,98.0
3.0,N Seoul Tower,0.242,Low Risk,Scenery,positive,Stunning views!,98.0
3.0,N Seoul Tower,0.242,Low Risk,Tickets/Price,neutral,Check ticket options beforehand.,16.2
3.0,N Seoul Tower,0.242,Low Risk,History/Culture,neutral,Background reading enriches the visit.,16.2
3.0,N Seoul Tower,0.242,Low Risk,Crowds,negative,Very crowded — expect waiting.,8.9
3.0,N Seoul Tower,0.242,Low Risk,Nature,negative,Outdoor areas can disappoint.,7.3
4.0,National Museum Of Korea,0.152,Low Risk,History/Culture,positive,Rich history & culture!,59.2
4.0,National Museum Of Korea,0.152,Low Risk,Exhibits,positive,Impressive exhibits!,38.6
4.0,National Museum Of Korea,0.152,Low Risk,Guided Tour,neutral,Tours available — check schedules.,21.2
4.0,National Museum Of Korea,0.152,Low Risk,History/Culture,negative,Exhibits may feel lacking.,65.3
5.0,Insadong,0.359,Low Risk,Shopping,positive,Great for shopping!,82.1
5.0,Insadong,0.359,Low Risk,History/Culture,positive,Rich history & culture!,17.9
5.0,Insadong,0.359,Low Risk,Food,neutral,Plenty of food options around.,6.4
5.0,Insadong,0.359,Low Risk,Shopping,negative,Shopping can feel touristy/pricey.,25.5
6.0,The War Memorial of Korea,0.328,Low Risk,History/Culture,positive,Rich history & culture!,62.1
6.0,The War Memorial of Korea,0.328,Low Risk,Exhibits,positive,Impressive exhibits!,37.9
6.0,The War Memorial of Korea,0.328,Low Risk,History/Culture,neutral,Background reading enriches the visit.,26.1
6.0,The War Memorial of Korea,0.328,Low Risk,Transport,negative,Be cautious about transportation.,8.6
6.0,The War Memorial of Korea,0.328,Low Risk,Family/Kids,negative,Can be hectic with kids around.,8.6
7.0,Bukchon Hanok Village,0.324,Low Risk,History/Culture,positive,Rich history & culture!,58.4
7.0,Bukchon Hanok Village,0.324,Low Risk,Shopping,positive,Great for shopping!,29.7
7.0,Bukchon Hanok Village,0.324,Low Risk,History/Culture,neutral,Background reading enriches the visit.,11.3
7.0,Bukchon Hanok Village,0.324,Low Risk,Crowds,negative,Very crowded — expect waiting.,46.2
7.0,Bukchon Hanok Village,0.324,Low Risk,Transport,negative,Be cautious about transportation.,3.4
8.0,Changdeokgung Palace,0.325,Low Risk,Guided Tour,positive,Guided tours are worth it!,11.7
8.0,Changdeokgung Palace,0.325,Low Risk,History/Culture,positive,Rich history & culture!,9.8
8.0,Changdeokgung Palace,0.325,Low Risk,Nature,neutral,Nice for a casual stroll.,24.9
8.0,Changdeokgung Palace,0.325,Low Risk,Guided Tour,negative,Tour operation can be inconvenient.,15.6
9.0,Cheonggyecheon Stream,0.357,Low Risk,Shopping,positive,Great for shopping!,94.2
9.0,Cheonggyecheon Stream,0.357,Low Risk,History/Culture,neutral,Background reading enriches the visit.,10.4
9.0,Cheonggyecheon Stream,0.357,Low Risk,Family/Kids,negative,Can be hectic with kids around.,14.5
9.0,Cheonggyecheon Stream,0.357,Low Risk,Weather,negative,Weather can make or break the visit.,11.1
10.0,Everland,0.295,Low Risk,Nature,positive,Beautiful natural scenery!,78.9
10.0,Everland,0.295,Low Risk,Transport,neutral,Plan your route in advance.,25.5
10.0,Everland,0.295,Low Risk,Transport,negative,Be cautious about transportation.,62.6
11.0,Haeundae Beach,0.324,Low Risk,Food,positive,Highly recommended for food!,22.5
11.0,Haeundae Beach,0.324,Low Risk,Nature,positive,Beautiful natural scenery!,22.5
11.0,Haeundae Beach,0.324,Low Risk,Weather,neutral,Check the weather before visiting.,24.5
11.0,Haeundae Beach,0.324,Low Risk,Transport,neutral,Plan your route in advance.,11.0
11.0,Haeundae Beach,0.324,Low Risk,Facilities,negative,Facilities need improvement.,8.0
12.0,Busan Gamcheon Culture Village,0.235,Low Risk,Shopping,positive,Great for shopping!,11.5
12.0,Busan Gamcheon Culture Village,0.235,Low Risk,History/Culture,positive,Rich history & culture!,9.1
12.0,Busan Gamcheon Culture Village,0.235,Low Risk,Transport,neutral,Plan your route in advance.,22.9
12.0,Busan Gamcheon Culture Village,0.235,Low Risk,Hiking/Stairs,negative,Steep stairs — physically demanding.,22.8
13.0,Starfield COEX Mall,0.413,Low Risk,Shopping,positive,Great for shopping!,19.5
13.0,Starfield COEX Mall,0.413,Low Risk,Exhibits,positive,Impressive exhibits!,19.5
13.0,Starfield COEX Mall,0.413,Low Risk,Transport,neutral,Plan your route in advance.,22.2
13.0,Starfield COEX Mall,0.413,Low Risk,Food,neutral,Plenty of food options around.,22.2
13.0,Starfield COEX Mall,0.413,Low Risk,Food,negative,Food options may disappoint.,93.0
14.0,Seongsan Ilchulbong,0.186,Low Risk,Scenery,positive,Stunning views!,25.1
14.0,Seongsan Ilchulbong,0.186,Low Risk,Nature,positive,Beautiful natural scenery!,25.1
14.0,Seongsan Ilchulbong,0.186,Low Risk,Hiking/Stairs,neutral,Wear comfortable shoes.,62.7
14.0,Seongsan Ilchulbong,0.186,Low Risk,Scenery,negative,Views depend heavily on weather.,15.3
15.0,Lotte World Tower & Mall,0.33,Low Risk,Food,positive,Highly recommended for food!,24.5
15.0,Lotte World Tower & Mall,0.33,Low Risk,Shopping,positive,Great for shopping!,24.5
15.0,Lotte World Tower & Mall,0.33,Low Risk,Scenery,neutral,Views vary by time and weather.,13.3
15.0,Lotte World Tower & Mall,0.33,Low Risk,Tickets/Price,neutral,Check ticket options beforehand.,13.3
15.0,Lotte World Tower & Mall,0.33,Low Risk,Facilities,negative,Facilities need improvement.,27.8
15.0,Lotte World Tower & Mall,0.33,Low Risk,Crowds,negative,Very crowded — expect waiting.,12.7
16.0,Dongdaemun Design Plaza (DDP),0.316,Low Risk,Shopping,positive,Great for shopping!,40.3
16.0,Dongdaemun Design Plaza (DDP),0.316,Low Risk,Nature,positive,Beautiful natural scenery!,34.1
16.0,Dongdaemun Design Plaza (DDP),0.316,Low Risk,Exhibits,neutral,Exhibits vary by season/event.,13.2
16.0,Dongdaemun Design Plaza (DDP),0.316,Low Risk,History/Culture,negative,Exhibits may feel lacking.,21.0
17.0,Starfield Library,0.383,Low Risk,Shopping,positive,Great for shopping!,11.4
17.0,Starfield Library,0.383,Low Risk,Scenery,neutral,Views vary by time and weather.,18.4
17.0,Starfield Library,0.383,Low Risk,Crowds,negative,Very crowded — expect waiting.,27.5
18.0,Seoraksan National Park,0.176,Low Risk,Transport,positive,Easy to get to!,12.1
18.0,Seoraksan National Park,0.176,Low Risk,History/Culture,positive,Rich history & culture!,12.1
18.0,Seoraksan National Park,0.176,Low Risk,Hiking/Stairs,neutral,Wear comfortable shoes.,28.5
18.0,Seoraksan National Park,0.176,Low Risk,Nature,neutral,Nice for a casual stroll.,28.5
18.0,Seoraksan National Park,0.176,Low Risk,Scenery,negative,Views depend heavily on weather.,27.1
18.0,Seoraksan National Park,0.176,Low Risk,Tickets/Price,negative,Check tickets & reservations in advance.,27.1
19.0,Haedong Yonggungsa,0.175,Low Risk,History/Culture,positive,Rich history & culture!,14.5
19.0,Haedong Yonggungsa,0.175,Low Risk,Transport,positive,Easy to get to!,11.7
19.0,Haedong Yonggungsa,0.175,Low Risk,Scenery,neutral,Views vary by time and weather.,17.8
19.0,Haedong Yonggungsa,0.175,Low Risk,Guided Tour,negative,Tour operation can be inconvenient.,16.9
20.0,Spirited Garden,0.128,Low Risk,Nature,positive,Beautiful natural scenery!,29.1
20.0,Spirited Garden,0.128,Low Risk,Nature,neutral,Nice for a casual stroll.,33.3
20.0,Spirited Garden,0.128,Low Risk,Tickets/Price,negative,Check tickets & reservations in advance.,11.5
21.0,Namsan Park,0.204,Low Risk,Transport,positive,Easy to get to!,25.1
21.0,Namsan Park,0.204,Low Risk,Nature,positive,Beautiful natural scenery!,25.1
21.0,Namsan Park,0.204,Low Risk,Facilities,neutral,Standard facilities on site.,16.3
21.0,Namsan Park,0.204,Low Risk,Hiking/Stairs,neutral,Wear comfortable shoes.,9.1
21.0,Namsan Park,0.204,Low Risk,Scenery,negative,Views depend heavily on weather.,19.4
22.0,Bongeunsa Temple,0.277,Low Risk,History/Culture,positive,Rich history & culture!,10.4
22.0,Bongeunsa Temple,0.277,Low Risk,Shopping,neutral,Lots of shops to browse.,26.8
22.0,Bongeunsa Temple,0.277,Low Risk,Shopping,negative,Shopping can feel touristy/pricey.,35.3
23.0,Gwangalli Beach,0.317,Low Risk,Food,positive,Highly recommended for food!,12.1
23.0,Gwangalli Beach,0.317,Low Risk,Scenery,positive,Stunning views!,12.1
23.0,Gwangalli Beach,0.317,Low Risk,Nature,neutral,Nice for a casual stroll.,36.4
23.0,Gwangalli Beach,0.317,Low Risk,Transport,neutral,Plan your route in advance.,13.6
23.0,Gwangalli Beach,0.317,Low Risk,Crowds,negative,Very crowded — expect waiting.,68.8
24.0,Bulguksa Temple,0.133,Low Risk,Transport,positive,Easy to get to!,11.3
24.0,Bulguksa Temple,0.133,Low Risk,History/Culture,positive,Rich history & culture!,10.0
24.0,Bulguksa Temple,0.133,Low Risk,History/Culture,neutral,Background reading enriches the visit.,37.5
24.0,Bulguksa Temple,0.133,Low Risk,Family/Kids,negative,Can be hectic with kids around.,29.5
25.0,Sea Life Coex Seoul Aquarium,0.392,Low Risk,Shopping,positive,Great for shopping!,22.1
25.0,Sea Life Coex Seoul Aquarium,0.392,Low Risk,Exhibits,positive,Impressive exhibits!,22.1
25.0,Sea Life Coex Seoul Aquarium,0.392,Low Risk,Food,neutral,Plenty of food options around.,10.4
25.0,Sea Life Coex Seoul Aquarium,0.392,Low Risk,Family/Kids,neutral,Family-friendly spot.,10.4
25.0,Sea Life Coex Seoul Aquarium,0.392,Low Risk,Shopping,negative,Shopping can feel touristy/pricey.,36.4
26.0,Myeongdong NANTA Theater,0.353,Low Risk,Performance,positive,Don't miss the performances!,36.9
26.0,Myeongdong NANTA Theater,0.353,Low Risk,Family/Kids,positive,Great for families & kids!,8.1
26.0,Myeongdong NANTA Theater,0.353,Low Risk,Tickets/Price,neutral,Check ticket options beforehand.,21.4
26.0,Myeongdong NANTA Theater,0.353,Low Risk,Food,negative,Food options may disappoint.,33.3
27.0,National Folk Museum of Korea,0.254,Low Risk,History/Culture,positive,Rich history & culture!,72.4
27.0,National Folk Museum of Korea,0.254,Low Risk,Guided Tour,neutral,Tours available — check schedules.,16.6
27.0,National Folk Museum of Korea,0.254,Low Risk,Nature,negative,Outdoor areas can disappoint.,27.5
28.0,Hwaseong Fortress,0.239,Low Risk,Transport,positive,Easy to get to!,93.2
28.0,Hwaseong Fortress,0.239,Low Risk,History/Culture,neutral,Background reading enriches the visit.,14.6
28.0,Hwaseong Fortress,0.239,Low Risk,History/Culture,negative,Exhibits may feel lacking.,13.4
29.0,BIFF Square,0.4,Low Risk,Food,positive,Highly recommended for food!,8.5
29.0,BIFF Square,0.4,Low Risk,Shopping,positive,Great for shopping!,8.5
29.0,BIFF Square,0.4,Low Risk,Food,neutral,Plenty of food options around.,84.1
29.0,BIFF Square,0.4,Low Risk,Food,negative,Food options may disappoint.,18.4
30.0,Korean Folk Village,0.231,Low Risk,Tickets/Price,positive,Good value for money!,13.1
30.0,Korean Folk Village,0.231,Low Risk,History/Culture,positive,Rich history & culture!,13.1
30.0,Korean Folk Village,0.231,Low Risk,Transport,neutral,Plan your route in advance.,83.7
30.0,Korean Folk Village,0.231,Low Risk,Performance,negative,Show schedule can be inconvenient.,13.0
31.0,Jeongbang Waterfall,0.293,Low Risk,Nature,positive,Beautiful natural scenery!,16.4
31.0,Jeongbang Waterfall,0.293,Low Risk,Food,positive,Highly recommended for food!,7.8
31.0,Jeongbang Waterfall,0.293,Low Risk,Nature,neutral,Nice for a casual stroll.,35.3
31.0,Jeongbang Waterfall,0.293,Low Risk,Hiking/Stairs,negative,Steep stairs — physically demanding.,20.9
31.0,Jeongbang Waterfall,0.293,Low Risk,Tickets/Price,negative,Check tickets & reservations in advance.,15.5
32.0,DMZ,0.314,Low Risk,Guided Tour,positive,Guided tours are worth it!,10.0
32.0,DMZ,0.314,Low Risk,History/Culture,positive,Rich history & culture!,8.0
32.0,DMZ,0.314,Low Risk,Transport,neutral,Plan your route in advance.,17.2
32.0,DMZ,0.314,Low Risk,Tickets/Price,neutral,Check ticket options beforehand.,17.2
32.0,DMZ,0.314,Low Risk,Guided Tour,negative,Tour operation can be inconvenient.,9.5
33.0,Songdo Cable Car,0.311,Low Risk,Transport,positive,Easy to get to!,41.0
33.0,Songdo Cable Car,0.311,Low Risk,Nature,positive,Beautiful natural scenery!,41.0
33.0,Songdo Cable Car,0.311,Low Risk,Transport,neutral,Plan your route in advance.,27.3
33.0,Songdo Cable Car,0.311,Low Risk,Tickets/Price,negative,Check tickets & reservations in advance.,36.4
34.0,Daepo Haean Jusangjeolli Cliff,0.177,Low Risk,Nature,positive,Beautiful natural scenery!,16.3
34.0,Daepo Haean Jusangjeolli Cliff,0.177,Low Risk,Tickets/Price,neutral,Check ticket options beforehand.,31.2
34.0,Daepo Haean Jusangjeolli Cliff,0.177,Low Risk,Scenery,negative,Views depend heavily on weather.,37.3
34.0,Daepo Haean Jusangjeolli Cliff,0.177,Low Risk,Transport,negative,Be cautious about transportation.,28.8
35.0,Jogyesa Temple,0.331,Low Risk,History/Culture,positive,Rich history & culture!,92.8
35.0,Jogyesa Temple,0.331,Low Risk,History/Culture,neutral,Background reading enriches the visit.,79.8
35.0,Jogyesa Temple,0.331,Low Risk,Guided Tour,negative,Tour operation can be inconvenient.,30.2
35.0,Jogyesa Temple,0.331,Low Risk,Transport,negative,Be cautious about transportation.,15.1
36.0,Namsangol Hanok Village,0.324,Low Risk,History/Culture,positive,Rich history & culture!,11.1
36.0,Namsangol Hanok Village,0.324,Low Risk,Transport,neutral,Plan your route in advance.,21.8
36.0,Namsangol Hanok Village,0.324,Low Risk,Crowds,negative,Very crowded — expect waiting.,39.7
37.0,Donggung Palace and Wolji Pond,0.127,Low Risk,Scenery,positive,Stunning views!,8.9
37.0,Donggung Palace and Wolji Pond,0.127,Low Risk,History/Culture,positive,Rich history & culture!,7.6
37.0,Donggung Palace and Wolji Pond,0.127,Low Risk,Transport,neutral,Plan your route in advance.,38.7
37.0,Donggung Palace and Wolji Pond,0.127,Low Risk,Nature,neutral,Nice for a casual stroll.,21.3
37.0,Donggung Palace and Wolji Pond,0.127,Low Risk,Hiking/Stairs,negative,Steep stairs — physically demanding.,33.3
37.0,Donggung Palace and Wolji Pond,0.127,Low Risk,Crowds,negative,Very crowded — expect waiting.,11.8
38.0,Ikseon-dong Hanok Street,0.411,Low Risk,Food,positive,Highly recommended for food!,55.3
38.0,Ikseon-dong Hanok Street,0.411,Low Risk,Shopping,positive,Great for shopping!,55.3
38.0,Ikseon-dong Hanok Street,0.411,Low Risk,History/Culture,neutral,Background reading enriches the visit.,37.5
38.0,Ikseon-dong Hanok Street,0.411,Low Risk,Crowds,negative,Very crowded — expect waiting.,60.0
39.0,Jeonju Hanok Village,0.369,Low Risk,History/Culture,positive,Rich history & culture!,15.8
39.0,Jeonju Hanok Village,0.369,Low Risk,Transport,positive,Easy to get to!,11.5
39.0,Jeonju Hanok Village,0.369,Low Risk,History/Culture,neutral,Background reading enriches the visit.,32.7
39.0,Jeonju Hanok Village,0.369,Low Risk,Food,negative,Food options may disappoint.,12.8
42.0,Gwanghwamun Gate,0.307,Low Risk,Performance,positive,Don't miss the performances!,26.5
42.0,Gwanghwamun Gate,0.307,Low Risk,History/Culture,positive,Rich history & culture!,15.8
42.0,Gwanghwamun Gate,0.307,Low Risk,History/Culture,neutral,Background reading enriches the visit.,31.9
42.0,Gwanghwamun Gate,0.307,Low Risk,Performance,negative,Show schedule can be inconvenient.,27.8
43.0,Seoul Arts Center,0.258,Low Risk,Transport,positive,Easy to get to!,15.3
43.0,Seoul Arts Center,0.258,Low Risk,Performance,positive,Don't miss the performances!,8.3
43.0,Seoul Arts Center,0.258,Low Risk,Crowds,neutral,Can get busy at peak times.,26.7
43.0,Seoul Arts Center,0.258,Low Risk,History/Culture,neutral,Background reading enriches the visit.,26.7
43.0,Seoul Arts Center,0.258,Low Risk,Exhibits,negative,Exhibits may feel underwhelming.,36.8
44.0,Changgyeonggung Palace,0.263,Low Risk,Guided Tour,positive,Guided tours are worth it!,54.3
44.0,Changgyeonggung Palace,0.263,Low Risk,History/Culture,positive,Rich history & culture!,54.3
44.0,Changgyeonggung Palace,0.263,Low Risk,Tickets/Price,neutral,Check ticket options beforehand.,28.2
44.0,Changgyeonggung Palace,0.263,Low Risk,Nature,neutral,Nice for a casual stroll.,28.2
44.0,Changgyeonggung Palace,0.263,Low Risk,History/Culture,negative,Exhibits may feel lacking.,50.0
45.0,Insadong Spa & Sauna,0.675,High Risk,History/Culture,positive,Rich history & culture!,21.2
45.0,Insadong Spa & Sauna,0.675,High Risk,Facilities,positive,"Clean, well-kept facilities!",13.6
45.0,Insadong Spa & Sauna,0.675,High Risk,Body Scrub & Massage,neutral,Worth a look if nearby.,50.0
45.0,Insadong Spa & Sauna,0.675,High Risk,Weather,negative,Weather can make or break the visit.,22.2
47.0,Gyeongju National Museum,0.098,Low Risk,History/Culture,positive,Rich history & culture!,12.1
47.0,Gyeongju National Museum,0.098,Low Risk,Tickets/Price,positive,Good value for money!,10.5
47.0,Gyeongju National Museum,0.098,Low Risk,History/Culture,neutral,Background reading enriches the visit.,53.9
47.0,Gyeongju National Museum,0.098,Low Risk,Transport,negative,Be cautious about transportation.,28.8
47.0,Gyeongju National Museum,0.098,Low Risk,Exhibits,negative,Exhibits may feel underwhelming.,17.3
48.0,The War and Women's Human Rights Museum,0.774,High Risk,Guided Tour,positive,Guided tours are worth it!,20.6
48.0,The War and Women's Human Rights Museum,0.774,High Risk,History/Culture,positive,Rich history & culture!,20.6
48.0,The War and Women's Human Rights Museum,0.774,High Risk,Transport,neutral,Plan your route in advance.,62.5
48.0,The War and Women's Human Rights Museum,0.774,High Risk,Transport,negative,Be cautious about transportation.,25.0
49.0,Woljeonggyo Bridge,0.174,Low Risk,History/Culture,positive,Rich history & culture!,39.1
49.0,Woljeonggyo Bridge,0.174,Low Risk,Scenery,positive,Stunning views!,25.0
49.0,Woljeonggyo Bridge,0.174,Low Risk,History/Culture,neutral,Background reading enriches the visit.,55.6
50.0,Aroma Thai Spa Gongdeok,0.329,Low Risk,Facilities,positive,"Clean, well-kept facilities!",28.1
50.0,Aroma Thai Spa Gongdeok,0.329,Low Risk,History/Culture,positive,Rich history & culture!,26.6
50.0,Aroma Thai Spa Gongdeok,0.329,Low Risk,Facilities,negative,Facilities need improvement.,50.0
51.0,Spa Gogyeol,0.351,Low Risk,Therapeutic Massage,positive,Visitors love it!,61.9
53.0,Nami Island,0.206,Low Risk,Weather,positive,Beautiful in season!,8.8
53.0,Nami Island,0.206,Low Risk,Guided Tour,positive,Guided tours are worth it!,7.2
53.0,Nami Island,0.206,Low Risk,Transport,neutral,Plan your route in advance.,21.9
53.0,Nami Island,0.206,Low Risk,Nature,neutral,Nice for a casual stroll.,21.9
53.0,Nami Island,0.206,Low Risk,Crowds,negative,Very crowded — expect waiting.,22.8
54.0,Lavish Spa,0.556,Moderate Risk,Therapeutic Massage,positive,Visitors love it!,63.3
54.0,Lavish Spa,0.556,Moderate Risk,Therapeutic Massage,negative,Some visitors were disappointed.,55.6
55.0,Bugak Palgakjeong Pavilion,0.267,Low Risk,Crowds,positive,"Lively, bustling atmosphere!",32.0
55.0,Bugak Palgakjeong Pavilion,0.267,Low Risk,Scenery,positive,Stunning views!,32.0
56.0,The Spa Grand Hyatt Seoul,0.646,Moderate Risk,Professional Massage,positive,Visitors love it!,35.7
59.0,Theyounglong,0.193,Low Risk,History/Culture,positive,Rich history & culture!,20.9
59.0,Theyounglong,0.193,Low Risk,Guided Tour,positive,Guided tours are worth it!,16.3
,MJ Jeju Diving Club,0.338,Low Risk,Guided Tour,positive,Guided tours are worth it!,14.8
,MJ Jeju Diving Club,0.338,Low Risk,Exhibits,positive,Impressive exhibits!,14.8
,Seoul Free Walking Tour,0.418,Low Risk,Guided Tour,positive,Guided tours are worth it!,31.9
,Seoul Free Walking Tour,0.418,Low Risk,History/Culture,positive,Rich history & culture!,31.9
,Seoul Metro,0.361,Low Risk,Transport,positive,Easy to get to!,46.3
,Seoul Metro,0.361,Low Risk,Facilities,positive,"Clean, well-kept facilities!",46.3
,Seoul Metro,0.361,Low Risk,Tickets/Price,neutral,Check ticket options beforehand.,11.8
,Seoul Metro,0.361,Low Risk,Hiking/Stairs,negative,Steep stairs — physically demanding.,12.7
,Seoul Pub Crawl,0.702,High Risk,Venue Experience,positive,Visitors love it!,24.1
,Seoul Pub Crawl,0.702,High Risk,Venue Experience,negative,Some visitors were disappointed.,43.8
,Seoul Sky,0.392,Low Risk,Scenery,positive,Stunning views!,33.0
,Seoul Sky,0.392,Low Risk,Facilities,positive,"Clean, well-kept facilities!",15.1
,Seoul Sky,0.392,Low Risk,Scenery,neutral,Views vary by time and weather.,17.2
,Seoul Sky,0.392,Low Risk,Tickets/Price,negative,Check tickets & reservations in advance.,15.8
